Access to nonpublic personal data policy/Noticeboard - Meta
Access to nonpublic personal data policy/Noticeboard
From Meta, a Wikimedia project coordination wiki
< Access to nonpublic personal data policy
Jump to navigation
Jump to search
Shortcuts: IN, ANPDP/N
This page contains the list of users who have signed the Confidentiality agreement under the Access to nonpublic personal data policy. Starting 15 November 2018, all users who are given rights that fall under that policy (such as checkuser, oversight or steward) are required to be listed below before they are granted rights. The users listed on the archived version of this noticeboard are no longer eligible for those rights unless they have signed the Confidentiality agreement and are listed below.
             (¯`*•.¸,¤°´'`°¤,¸.•*´¯)             
             ¸,¤°´'`°•.¸O¸.•°´'`°¤,¸             
|¯¯¯¯¯¯¯¯¯¯¯¯¯¯¯¯¯¯¯¯¯¯•.•¯¯¯¯¯¯¯¯¯¯¯¯¯¯¯¯¯¯¯¯¯¯|
|       For Steward requests/Permissions,       |
|  do not add users unless you are authorized.  |
|______________________.•.______________________|
            *´'`°¤¸¸.•'´O`'•.¸¸¤°´'`*            
            (_¸.•*´'`°¤¸'¸¤°´'`*•.¸_)            
Stewards
About stewards
Elections
History
Requests
CheckUser information
Global blocks & locks
Global rights
Local bot rights
Local rights
Account renaming
Miscellaneous requests
URL blacklisting
Title/username blacklisting
For stewards
Help
Policies
Bugs
Mailing list
#wikimedia-stewardsconnect
Noticeboards
Access policy noticeboard
Stewards' noticeboard
The users listed below have signed the Confidentiality agreement, which is required for restricted permissions (checkuser, oversight, steward, ombuds commission,  Board of Trustees), or other positions requiring access to personally identifiable information, as defined by board policy. See the Confidentiality agreement "How to" page explaining the identification process.
The diff links show confirmation by an authorized Wikimedia staff member: 
Currently authorized
Patrick (April 2015 —), Karen (October 2017 —), Joe (May 2020 —), Nahid (July 2020 —).
Formerly authorized
James (February 2012 — December 2018), Samuel (October 2018 — March 2021), Kalliope (April 2015 — March 2023) 
The format is * [[User:username]] until a diff is available, then {{/user|diff id|user name}}.
Numbers • Symbols • A B C D E F G H I J K L M N O P Q R S T U V W X Y Z • Non-Latin
Numbers
diff 0x010C (CentralAuth)
diff 1233 (CentralAuth)
diff 13ab37 (CentralAuth)
diff 1989 (CentralAuth)
diff 1997kB (CentralAuth)
diff 1Veertje (CentralAuth)
diff 3(MG)² (CentralAuth)
diff 4shadoww (CentralAuth)
diff 80686 (CentralAuth)
Symbols
diff !Silent (CentralAuth)
diff !dea4u (CentralAuth)
diff 
*Youngjin (CentralAuth)
diff -akko (CentralAuth)
diff -jem- (CentralAuth)
diff -revi (CentralAuth)
diff ~aanzx (CentralAuth)
diff ~riley (CentralAuth)
A
diff AGK (CentralAuth)
diff AINH (CentralAuth)
diff ASid (CentralAuth)
diff AbhiSuryawanshi (CentralAuth)
diff Acagastya (CentralAuth)
diff Ad Huikeshoven (CentralAuth)
diff Adamant.pwn (CentralAuth)
diff Adamt (CentralAuth)
diff Adee Ritman (WMDE) (CentralAuth)
diff AfroThundr3007730 (CentralAuth)
diff Ajraddatz (CentralAuth)
diff Akhiljaxxn (CentralAuth)
diff Akoopal (CentralAuth)
diff Al Riaz Uddin Ripon (CentralAuth)
diff Alan (CentralAuth)
diff Albertoleoncio (CentralAuth)
diff Aldnonymous (CentralAuth)
diff Alex Cohn (CentralAuth)
diff Alex Noble (CentralAuth)   (formerly OxonAlex) 
diff Alexei Kopylov (CentralAuth)
diff Alhen (CentralAuth)
diff Alice Körner (WMDE) (CentralAuth)
diff Alison (CentralAuth)
diff Alp Er Tunqa (CentralAuth)
diff Alpha3031 (CentralAuth)
diff Altes (CentralAuth)
diff Amalthea (CentralAuth)
diff AmandaNP (CentralAuth)
diff Amateur0 0editor (CentralAuth)
diff Ameisenigel (CentralAuth)
diff Amitie 10g (CentralAuth)
diff Ammarpad (CentralAuth)
diff Amorymeltzer (CentralAuth)
diff Amélie Cabon WMFr (CentralAuth)
diff Anarchyte (CentralAuth)
diff Andre Engels (CentralAuth)
diff Andrew McAllister (WMDE) (CentralAuth)
diff Andrew nyr (CentralAuth)
diff Andriy.v (CentralAuth)
diff AntiCompositeNumber (CentralAuth)
diff AntonProtsiuk (WMUA) (CentralAuth)
diff Antoniex (CentralAuth)
diff Arabsalam (CentralAuth)
diff Arash.pt (CentralAuth)
diff Arcuscloud (CentralAuth)
diff Arcyon37 (CentralAuth)
diff Arian Bozorg (WMDE) (CentralAuth)
diff Arkanosis (CentralAuth)
diff Arpourabedin (CentralAuth)
diff Arseny1992 (CentralAuth)
diff Ask21 (CentralAuth)
diff Atsme (CentralAuth)
diff Avicenno (CentralAuth)
diff Avocato (CentralAuth)
diff Avraham (CentralAuth)
diff Axel Pettersson (WMSE) (CentralAuth)
diff Az1568 (CentralAuth)
B
diff B20180 (CentralAuth)
diff BDD (CentralAuth)
diff BRPever (CentralAuth)
diff Banfield (CentralAuth)
diff Barkeep49 (CentralAuth)
diff Barras (CentralAuth)
diff Bas dehaan (CentralAuth)
diff Basak (CentralAuth)
diff Base (CentralAuth)
diff Bastenbas (CentralAuth)
diff Bastoche* (CentralAuth)
diff Beeblebrox (CentralAuth)
diff Behzad39 (CentralAuth)
diff Bellcricket (CentralAuth)
diff Bencemac (CentralAuth)
diff Bennylin (CentralAuth)
diff Benoît Prieur (CentralAuth)
diff Berean Hunter (CentralAuth)
diff Bereket Teshome (WMDE) (CentralAuth)
diff Bernard (CentralAuth)
diff BeywheelzLetItRip (CentralAuth)
diff Bharel (CentralAuth)
diff Billytanghh (CentralAuth)
diff Bináris (CentralAuth)
diff Blablubbs (CentralAuth)
diff BlackBeast (CentralAuth)
diff Bletilla (CentralAuth)
diff Bojo1498 (CentralAuth)
diff Bradv (CentralAuth)
diff Brainulator9 (CentralAuth)
diff Brest (CentralAuth)
diff Bsadowski1 (CentralAuth)
diff Bédévore (CentralAuth)
C
diff C1K98V (CentralAuth)
diff CAPTAIN MEDUSA (CentralAuth)
diff CMiele (CentralAuth)   (formerly Cpetitti) 
diff Cabayi (CentralAuth)
diff Caker18 (CentralAuth)
diff Callanecc (CentralAuth)
diff Camelia.boban (CentralAuth)
diff Cameron11598 (CentralAuth)
diff CaptainEek (CentralAuth)
diff Carlojoseph14 (CentralAuth)
diff Carn (CentralAuth)
diff Casliber (CentralAuth)
diff Catherine Laurence (CentralAuth)
diff CatonMA2 (CentralAuth)
diff Celestina007 (CentralAuth)
diff Chandres (CentralAuth)
diff Charitwo (CentralAuth)
diff ChipWolf (CentralAuth)
diff Chlod (CentralAuth)
diff ChromiumOverload (CentralAuth)
diff Chrs (CentralAuth)
diff Chuck Entz (CentralAuth)
diff Clarkcj12 (CentralAuth)
diff CodeLyoko (CentralAuth)  (previously known as TheMesquito)
diff Colt browning (CentralAuth)
diff Conde Edmond Dantès (CentralAuth)
diff Conny Kawohl (WMDE) (CentralAuth)
diff Corinna Hillebrand (WMDE) (CentralAuth)
diff Corinna Schuster (WMDE) (CentralAuth)
diff Courcelles (CentralAuth)
diff Cromium (CentralAuth)
diff Csigabi (CentralAuth)
diff Csisc (CentralAuth)
diff Cyberpower678 (CentralAuth)
diff Cyclonenim (CentralAuth)
diff Cymru.lass (CentralAuth)
D
diff DBrant (WMF) (CentralAuth)
diff DDJJ (CentralAuth)
diff DGG (CentralAuth)
diff DHN (CentralAuth)
diff DLeandroc (CentralAuth)
diff DR (CentralAuth)
diff Daimona Eaytoy (CentralAuth)
diff Dan Koehl (CentralAuth)
diff Dan Shick (WMDE) (CentralAuth)
diff DanCherek (CentralAuth)
diff Dane (CentralAuth)
diff Daniel Case (CentralAuth)
diff Daniuu (CentralAuth)
diff DannyS712 (CentralAuth)
diff Danu Widjajanto (CentralAuth)
diff Darafsh (CentralAuth)
diff DarwIn (CentralAuth)
diff Dasm (CentralAuth)
diff Dat Nguyen (WMDE) (CentralAuth)
diff DatGuy (CentralAuth)
diff David Fuchs (CentralAuth)
diff David Wadie Fisher-Freberg (CentralAuth)
diff David.a.pujol (CentralAuth)
diff Deepfriedokra (CentralAuth)
diff Deniz Erdogan (WMDE) (CentralAuth)
diff Der-Wir-Ing (CentralAuth)
diff DerHexer (CentralAuth)
diff Deror avi (CentralAuth)
diff Deskana (CentralAuth)
diff Didym (CentralAuth)
diff Diego Queiroz (CentralAuth)
diff Djordjes (CentralAuth)
diff Djsasso (CentralAuth)
diff Dmthoth (CentralAuth)
diff DoRD (CentralAuth)
diff Doc James (CentralAuth)
diff Doc Taxon (CentralAuth)
diff Doctor 17 (CentralAuth)
diff Dolotta (CentralAuth)
diff Donald Albury (CentralAuth)
diff Doug Weller (CentralAuth)
diff Dr vulpes (CentralAuth)
diff Dr-Taher (CentralAuth)
diff Draa kul (CentralAuth)
diff DreamRimmer (CentralAuth)
diff Dreamcatcher25 (CentralAuth)
diff Dreamy Jazz (CentralAuth)
diff Drmies (CentralAuth)
diff Dungodung (CentralAuth)
diff Durifon (CentralAuth)
diff Dusti (CentralAuth)
diff DutchTina (CentralAuth)
diff Dweller (CentralAuth)
diff Dyolf77 (CentralAuth)
E
diff EN-Jungwon (CentralAuth)
diff EPIC (CentralAuth)
diff EchidnaLives (CentralAuth)
diff EdJohnston (CentralAuth)
diff Editor D.S (CentralAuth)
diff Edu! (CentralAuth)
diff EggRoll97 (CentralAuth)
diff Eihel (CentralAuth)
diff Einsbor (CentralAuth)
diff Ejs-80 (CentralAuth)
diff ElHef (CentralAuth)
diff Elcobbola (CentralAuth)
diff Eldarion (CentralAuth)
diff Elfhelm (CentralAuth)
diff Ellywa (CentralAuth)
diff Elmacenderesi (CentralAuth)
diff Elph (CentralAuth)
diff Elton (CentralAuth)  (formerly Defender)
diff Elwood (CentralAuth)
diff Em-mustapha (CentralAuth)
diff Emdad Tafsir (CentralAuth)
diff Emnamizouni (CentralAuth)
diff Emufarmers (CentralAuth)
diff Enfcer (CentralAuth)
diff EniPort (CentralAuth)   (formerly Eniport) 
diff Enkhsaihan2005 (CentralAuth)
diff Enterprisey (CentralAuth)
diff Enti342 (CentralAuth)
diff Eptalon (CentralAuth)
diff Equalent (CentralAuth)
diff Esteban16 (CentralAuth)
diff Eta Carinae (CentralAuth)
diff Etothepi (CentralAuth)
diff Eugene233 (CentralAuth)
diff Eurodyne (CentralAuth)
diff Euryalus (CentralAuth)
diff Evelien Zandbergen (WMDE) (CentralAuth)
diff Ex13 (CentralAuth)
diff Excellence (CentralAuth)
diff Ezarate (CentralAuth)
F
diff FBN122645 (CentralAuth)
diff FULBERT (CentralAuth)
diff Fabiojrsouza (CentralAuth)
diff Faendalimas (CentralAuth)
diff Falten-Jura (CentralAuth)
diff Fanchb29 (CentralAuth)
diff FastLizard4 (CentralAuth)
diff Fehufanga (CentralAuth)
diff Felipe da Fonseca (CentralAuth)
diff Felis domestica (CentralAuth)
diff Ferret (CentralAuth)
diff Firefly (CentralAuth)
diff Fjmustak (CentralAuth)
diff FlightTime (CentralAuth)
diff FloNight (CentralAuth)
diff Floquenbeam (CentralAuth)
diff Fluff (CentralAuth)
diff Fluffernutter (CentralAuth)
diff FoBe (CentralAuth)
diff Fosterab (CentralAuth)
diff Fox (CentralAuth)
diff Frakir (CentralAuth)
diff Frankcjones (CentralAuth)
diff Frood (CentralAuth)
G
diff G(x) (CentralAuth)
diff GB fan (CentralAuth)
diff GSS (CentralAuth)
diff Gac (CentralAuth)
diff Gaelan (CentralAuth)
diff Galahad (CentralAuth)
diff GeneralNotability (CentralAuth)
diff Geonuch (CentralAuth)
diff Geraki (CentralAuth)
diff Ghilt (CentralAuth)
diff Gianfranco (CentralAuth)
diff Giooo95 (CentralAuth)
diff Girth Summit (CentralAuth)
diff Glen (CentralAuth)
diff Gnoeee (CentralAuth)
diff Goo3 (CentralAuth)
diff GorillaWarfare (CentralAuth)
diff GrandEscogriffe (CentralAuth)
diff Gratus (CentralAuth)
diff Greg (WMF) (CentralAuth)
diff Grijz (CentralAuth)
diff Grin (CentralAuth)
diff Groucho NL (CentralAuth)
diff Gryllida (CentralAuth)
diff Guanaco (CentralAuth)
diff Guergana Tzatchkova (WMDE) (CentralAuth)
diff Guerillero (CentralAuth)
diff Guy Macon (CentralAuth)
diff Gytha (CentralAuth)
diff Góngora (CentralAuth)
H
diff HJ Mitchell (CentralAuth)
diff HVL (CentralAuth)
diff HakanIST (CentralAuth)
diff Hamish (CentralAuth)
diff Harriv (CentralAuth)
diff Hasan Akgün (WMDE) (CentralAuth)
diff Hasley (CentralAuth)
diff He3nry (CentralAuth)
diff Hektor Absurdus (CentralAuth)
diff Helenatxu (CentralAuth)
diff Helfmann (CentralAuth)
diff Hephaion (CentralAuth)
diff Hexasoft (CentralAuth)
diff Hidayatsrf (CentralAuth)
diff Hirannor (CentralAuth)
diff Hoo man (CentralAuth)
diff Horst Gräbner (CentralAuth)
diff Huji (CentralAuth)
diff Hyméros (CentralAuth)
I
diff IRTC1015 (CentralAuth)
diff Ian E (CentralAuth)
diff Ibrahim.ID (CentralAuth)
diff Icodense99 (CentralAuth)
diff Idoghor Melody (CentralAuth)
diff Ifrahkhanyaree WMDE (CentralAuth)
diff Ilario (CentralAuth)
diff Illusion Flame (CentralAuth)
diff Iluvatar (CentralAuth)
diff ImprovedWikiImprovment (CentralAuth)
diff In veritas (CentralAuth)
diff Infinite0694 (CentralAuth)
diff Interstellarity (CentralAuth)
diff ItamarWMDE (CentralAuth)
diff Itcouldbepossible (CentralAuth)
diff Ivanvector (CentralAuth)
diff Izno (CentralAuth)
J
diff J. Patrick Fischer (CentralAuth)
diff JJMC89 (CentralAuth)
diff JPG-GR (CentralAuth)
diff Jack Frost (CentralAuth)
diff Jagro (CentralAuth)
diff Jameslwoodward (CentralAuth)
diff Jamesofur (CentralAuth)
diff Jamie Tubers (CentralAuth)
diff Jamietw (CentralAuth)
diff Japiot (CentralAuth)
diff Jasper Deng (CentralAuth)
diff JavaHurricane (CentralAuth)
diff Jayantanth (CentralAuth)
diff Jayprakash12345 (CentralAuth)
diff Jcb (CentralAuth)
diff Jean-Christophe BENOIST (CentralAuth)
diff Jeblad (CentralAuth)
diff Jeff G. (CentralAuth)
diff Jeremyb (CentralAuth)
diff Jfblanc (CentralAuth)
diff Jimbo Wales (CentralAuth)
diff Jimmy Xu (CentralAuth)
diff Jivee Blau (CentralAuth)
diff Jmrebes (CentralAuth)
diff Joe Roe (CentralAuth)
diff Johannnes89 (CentralAuth)
diff John M Wolfson (CentralAuth)
diff John Weitzmann (WMDE) (CentralAuth)
diff JohnNewton8 (CentralAuth)
diff Jon Amar (WMDE) (CentralAuth)
diff Jon Kolbert (CentralAuth)
diff Joridma (CentralAuth)
diff Josve05a (CentralAuth)
diff Joutbis (CentralAuth)
diff Joy Agyepong (CentralAuth)
diff Jpgordon (CentralAuth)
diff Jules* (CentralAuth)   (formerly Jules78120) 
diff Julia W (CentralAuth)
diff Julle (CentralAuth)
diff Just Sayori (CentralAuth)
diff Jyothis (CentralAuth)
diff JzG (CentralAuth)
K
diff KCVelaga (CentralAuth)
diff KRLS (CentralAuth)
diff KTC (CentralAuth)
diff Kaare (CentralAuth)
diff Kalliope (WMF) (CentralAuth)
diff Kara Payne (WMDE) (CentralAuth)
diff Karnataka (CentralAuth)
diff Karol007 (CentralAuth)
diff Karsten11 (CentralAuth)
diff Kayz911 (CentralAuth)
diff Kb03 (CentralAuth)
diff Keegan (CentralAuth)
diff Kelapstick (CentralAuth)
diff Kipala (CentralAuth)
diff Kiran Gopi (CentralAuth)
diff Kizule (CentralAuth)
diff Klein Muçi (CentralAuth)
diff KnudW (CentralAuth)
diff Koavf (CentralAuth)
diff Kostas20142 (CentralAuth)
diff KrakatoaKatie (CentralAuth)
diff Krd (CentralAuth)
diff Kris Litson (WMDE) (CentralAuth)
diff Kropotkine 113 (CentralAuth)
diff Ks aka 98 (CentralAuth)
diff Ks0stm (CentralAuth)
diff Kunokuno (CentralAuth)
L
diff L235 (CentralAuth)
diff LD (CentralAuth)
diff LFaraone (CentralAuth)
diff Ladsgroup (CentralAuth)
diff Lantus (CentralAuth)
diff Leaderboard (CentralAuth)
diff Lechatjaune (CentralAuth)
diff Ledublinois (CentralAuth)
diff Leserättin (CentralAuth)
diff Lesless (CentralAuth)
diff Levg (CentralAuth)
diff Liamyangll (CentralAuth)
diff Lilli Iliev (WMDE) (CentralAuth)
diff Linedwell (CentralAuth)
diff Lionel Scheepmans (CentralAuth)
diff Lisa Dittmer (WMDE) (CentralAuth)
diff Lofty abyss (CentralAuth)
diff Lomita (CentralAuth)
diff Loraine (CentralAuth)
diff Lord Bolingbroke (CentralAuth)
diff Loren Johnson (WMDE) (CentralAuth)
diff Lourdes (CentralAuth)
diff LuK3 (CentralAuth)
diff Lucas Werkmeister (WMDE) (CentralAuth)
diff LuchoCR (CentralAuth)
diff Lucien leGrey (CentralAuth)
diff LuciferianThomas (CentralAuth)
diff Luke081515 (CentralAuth)
M
diff M.hekmat (CentralAuth)
diff MBisanz (CentralAuth)
diff MBq (CentralAuth)
diff MF-Warburg (CentralAuth)
diff MJ94 (CentralAuth)
diff MJL (CentralAuth)
diff MONUMENTA (CentralAuth)
diff MPopov (WMF) (CentralAuth)
diff MSGJ (CentralAuth)
diff MZaplotnik (CentralAuth)
diff Magog the Ogre (CentralAuth)
diff Mahir256 (CentralAuth)
diff Mailer diablo (CentralAuth)
diff Majonez truskawkowy (CentralAuth)
diff Maor X (CentralAuth)
diff Mapep (CentralAuth)
diff Marc Mongenet (CentralAuth)
diff MarcGarver (CentralAuth)
diff MarcoAurelio (CentralAuth)
diff MareikeHeuer(WMDE) (CentralAuth)
diff Margoz (CentralAuth)
diff MarioGom (CentralAuth)
diff MarioJump83 (CentralAuth)
diff Martin Rulsch (WMDE) (CentralAuth)
diff Martin Urbanec (CentralAuth)
diff Masin Al-Dujaili (WMDE) (CentralAuth)
diff Masti (CentralAuth)
diff Matanya (CentralAuth)
diff Materialscientist (CentralAuth)
diff Mathieu Mars (CentralAuth)
diff Mathis B (CentralAuth)
diff Matiia (CentralAuth)
diff Matthewrbowker (CentralAuth)
diff Maxim (CentralAuth)
diff Mazca (CentralAuth)
diff Mbch331 (CentralAuth)
diff Mdaniels5757 (CentralAuth)
diff MdsShakil (CentralAuth)
diff Meghmollar2017 (CentralAuth)
diff Mehman (CentralAuth)   (formerly Mehman97) 
diff Melos (CentralAuth)
diff Meno25 (CentralAuth)
diff Mervat (CentralAuth)
diff Meursault2004 (CentralAuth)
diff MiasmaEternal (CentralAuth)
diff Michal Lenc (CentralAuth)
diff Mienski (CentralAuth)
diff Mikael Häggström (CentralAuth)
diff Millars (CentralAuth)
diff Millbart (CentralAuth)
diff Millennium bug (CentralAuth)
diff Miniapolis (CentralAuth)
diff Minorax (CentralAuth)
diff Miraki (CentralAuth)
diff Mkdw (CentralAuth)
diff Moheen (CentralAuth)
diff Moneytrees (CentralAuth)
diff Monica Pinedo Bajo (WMDE) (CentralAuth)
diff Montgomery (CentralAuth)
diff Mopza (CentralAuth)
diff Mormegil (CentralAuth)
diff MorpheusKafka (CentralAuth)
diff Mpn (CentralAuth)
diff Mr. Fulano (CentralAuth)
diff Mr.weedle (CentralAuth)
diff MrJaroslavik (CentralAuth)
diff Mtarch11 (CentralAuth)
diff Muhammad Yasser Jazirahly (WMDE) (CentralAuth)
diff Murbaut (CentralAuth)
diff MusikAnimal (CentralAuth)
diff Mxn (CentralAuth)
diff Mykola7 (CentralAuth)
diff Myopic pattern (CentralAuth)
diff Mz7 (CentralAuth)
diff mys 721tx (CentralAuth)
N
diff Nagy (CentralAuth)
diff NahidSultan (CentralAuth)
diff Nakon (CentralAuth)
diff Naleksuh (CentralAuth)
diff Naomi2319 (CentralAuth)
diff NativeForeigner (CentralAuth)
diff Natuur12 (CentralAuth)
diff Nealmcb (CentralAuth)
diff Nedops (CentralAuth)
diff Netmouse (CentralAuth)
diff Netoholic (CentralAuth)
diff Nettadi (CentralAuth)
diff Newyorkbrad (CentralAuth)
diff NguoiDungKhongDinhDanh (CentralAuth)
diff NickK (CentralAuth)
diff Nicolas Rück (WMDE) (CentralAuth)
diff Nicole Ebber (WMDE) (CentralAuth)
diff Niedzielski (CentralAuth)
diff Niegodzisie (CentralAuth)
diff Nightflyer (CentralAuth)
diff Nihonjoe (CentralAuth)
diff Niklitov (CentralAuth)
diff NinjaRobotPirate (CentralAuth)
diff Ninjastrikers (CentralAuth)
diff Nithin (CentralAuth)
diff NoFWDaddress (CentralAuth)
diff Noarave (CentralAuth)
diff Nohirara (CentralAuth)
diff Nolispanmo (CentralAuth)
diff Norman Schwirz (WMDE) (CentralAuth)
diff Nosebagbear (CentralAuth)
diff Nsaa (CentralAuth)
diff NuclearWarfare (CentralAuth)
O
diff OcarinaOfTime (CentralAuth)
diff Odder (CentralAuth)
diff OhKayeSierra (CentralAuth)
diff Ohgi (CentralAuth)
diff Olaniyan Olushola (CentralAuth)
diff Oleksandr Tsyba (WMDE) (CentralAuth)
diff Ollie Shotton (WMDE) (CentralAuth)
diff Olugold (CentralAuth)
diff OneLittleMouse (CentralAuth)
diff Opabinia regalis (CentralAuth)
diff Openbk (CentralAuth)
diff Operator873 (CentralAuth)
diff Oshwah (CentralAuth)
P
diff Pajz (CentralAuth)
diff Pallerti (CentralAuth)
diff Patient Zero (CentralAuth)
diff Patsagorn Y. (CentralAuth)
diff Paul August (CentralAuth)
diff Pcastellina (CentralAuth)
diff Peacearth (CentralAuth)   (formerly 和平奮鬥救地球) 
diff Penn Station (CentralAuth)
diff Perrak (CentralAuth)
diff Peterdownunder (CentralAuth)
diff PhilKnight (CentralAuth)
diff Philippe (CentralAuth)
diff Pi novikov (CentralAuth)
diff PierreSelim (CentralAuth)
diff Piramidion (CentralAuth)
diff Platonides (CentralAuth)
diff Pmlineditor (CentralAuth)
diff Podzemnik (CentralAuth)
diff Polimerek (CentralAuth)
diff Ponyo (CentralAuth)
diff PopularOutcast (CentralAuth)
diff Poudou! (CentralAuth)
diff Poudou99 (CentralAuth)
diff Pratyya Ghosh (CentralAuth)
diff Praxidicae (CentralAuth)
diff Premeditated Chaos (CentralAuth)
diff Primefac (CentralAuth)
diff Promethean (CentralAuth)
diff ProtoplasmaKid (CentralAuth)
diff Ptjackyll (CentralAuth)
diff Pundit (CentralAuth)
diff PurpleBuffalo (CentralAuth)
diff PutriAmalia1991 (CentralAuth)
diff Pólux (CentralAuth)
Q
diff Q-bit array (CentralAuth)
diff QEDK (CentralAuth)
diff QueerEcofeminist (CentralAuth)
diff Quiddity (CentralAuth)
R
diff Ra'ike (CentralAuth)
diff Raafat (CentralAuth)
diff Racconish (CentralAuth)
diff Rachmat04 (CentralAuth)
diff RadiX (CentralAuth)
diff Rama (CentralAuth)
diff Rastrojo (CentralAuth)
diff Rax (CentralAuth)
diff Raydann (CentralAuth)
diff Raymond (CentralAuth)
diff Razimantv (CentralAuth)
diff Reaper Eternal (CentralAuth)
diff RebeccaRwanda (CentralAuth)
diff Rebel Agent (CentralAuth)
diff Red-tailed hawk (CentralAuth)
diff Redactyll (CentralAuth)
diff Redlinux (CentralAuth)
diff Regiomontanus (CentralAuth)
diff Rehman (CentralAuth)
diff Rekonedth (CentralAuth)
diff Renvoy (CentralAuth)
diff RhinosF1 (CentralAuth)
diff Rich Smith (CentralAuth)
diff Richwales (CentralAuth)
diff Ricki Jay (WMDE) (CentralAuth)
diff RickinBaltimore (CentralAuth)
diff Riggwelter (CentralAuth)
diff Risker (CentralAuth)
diff Robert McClenon (CentralAuth)
diff Robert Timm (WMDE) (CentralAuth)
diff Roger Davies (CentralAuth)
diff RogueScholar (CentralAuth)
diff Romaine (CentralAuth)
diff Romanm (CentralAuth)
diff RonnieV (CentralAuth)
diff Rosalie-Mondjo-WMDE (CentralAuth)
diff Rosiestep (CentralAuth)
diff Rots61 (CentralAuth)
diff RoySmith (CentralAuth)
diff Rubin16 (CentralAuth)
diff Ruthven (CentralAuth)
diff Rxy (CentralAuth)
diff Rémy Gerbet WMFr (CentralAuth)
S
diff S.Hinakawa (CentralAuth)
diff SCP-2000 (CentralAuth)
diff SEPRodrigues (CentralAuth)
diff SNN95 (CentralAuth)
diff SQL (CentralAuth)
diff SRientjes (CentralAuth)
diff ST47 (CentralAuth)
diff Sahehco (CentralAuth)
diff Saileshpat (CentralAuth)
diff Sakretsu (CentralAuth)
diff Sakura emad (CentralAuth)
diff Salvio giuliano (CentralAuth)
diff Sam Sailor (CentralAuth)
diff Samantha Alipio (WMDE) (CentralAuth)
diff Sami Mlouhi (CentralAuth)
diff Sannita (CentralAuth)
diff Saper (CentralAuth)
diff Saqib (CentralAuth)
diff Sarah (CentralAuth)
diff Sarah Krichen WMFr (CentralAuth)
diff Sargoth (CentralAuth)
diff Savh (CentralAuth)
diff Schniggendiller (CentralAuth)
diff Schutz (CentralAuth)
diff Scope creep (CentralAuth)
diff Sdkb (CentralAuth)
diff Sdrqaz (CentralAuth)
diff Seddon (CentralAuth)
diff Seewolf (CentralAuth)
diff Seraphimblade (CentralAuth)
diff Shalor (Wiki Ed) (CentralAuth)
diff Shanmugamp7 (CentralAuth)
diff Shellwood (CentralAuth)
diff Shivanarayana (CentralAuth)
diff Siam2019 (CentralAuth)
diff SilkTork (CentralAuth)
diff Silvan Heintze (WMDE) (CentralAuth)
diff Sir Henry (CentralAuth)
diff Sir Lestaty de Lioncourt (CentralAuth)
diff Sir48 (CentralAuth)
diff Sjoerddebruin (CentralAuth)
diff SkrzydlatyMuflon (CentralAuth)
diff SkyWarrior (CentralAuth)
diff Snowolf (CentralAuth)
diff Snowycats (CentralAuth)
diff SoGho2580 (CentralAuth)
diff SoWhy (CentralAuth)
diff Someguy1221 (CentralAuth)
diff Sophie Elisabeth (CentralAuth)
diff Sotiale (CentralAuth)
diff SouthernKangaroo (CentralAuth)
diff Sphilbrick (CentralAuth)
diff Squasher (CentralAuth)
diff Stang (CentralAuth)
diff Stanglavine (CentralAuth)
diff Stefan64 (CentralAuth)
diff Stegop (CentralAuth)
diff Stephan Hense (CentralAuth)
diff Steven Crossin (CentralAuth)
diff Stigfinnare (CentralAuth)
diff Stryn (CentralAuth)
diff Stwalkerster (CentralAuth)
diff Styyx (CentralAuth)
diff Subscriptshoe9 (CentralAuth)
diff Sujalajus (CentralAuth)
diff Sunmist (CentralAuth)
diff SuperHamster (CentralAuth)
diff Superpes15 (CentralAuth)
diff Superspritz (CentralAuth)
diff Superzerocool (CentralAuth)
diff Suyash.dwivedi (CentralAuth)
diff Svantje Lilienthal (WMDE) (CentralAuth)
diff Swarm (CentralAuth)
diff Sylvain Boissel WMFr (CentralAuth)
diff Syman51 (CentralAuth)
diff Synoman Barris (CentralAuth)
T
diff TBloemink (CentralAuth)
diff Taiwania Justo (CentralAuth)
diff Taketa (CentralAuth)
diff Taking Out The Trash (CentralAuth)
diff Tamzin (CentralAuth)
diff Tarawneh (CentralAuth)
diff Tarunno (CentralAuth)
diff Tatewaki (CentralAuth)
diff Taylor 49 (CentralAuth)
diff Taysin (CentralAuth)
diff Tegel (CentralAuth)
diff Teles (CentralAuth)
diff Terasail (CentralAuth)
diff Tgr (CentralAuth)
diff ThadeusOfNazereth (CentralAuth)
diff Thane (CentralAuth)
diff The Blade of the Northern Lights (CentralAuth)
diff The Earwig (CentralAuth)
diff TheDaveRoss (CentralAuth)
diff TheDragonFire (CentralAuth)
diff TheSandDoctor (CentralAuth)
diff TheStriker (CentralAuth)
diff Theghaz (CentralAuth)
diff TheresNoTime (CentralAuth)
diff Thine Antique Pen (CentralAuth)
diff Thryduulf (CentralAuth)
diff ThüringerChatte (CentralAuth)
diff Timekeepertmk (CentralAuth)
diff Timmyboger (CentralAuth)
diff Timotheus Canens (CentralAuth)
diff Titodutta (CentralAuth)
diff Tiven2240 (CentralAuth)
diff Tks4Fish (CentralAuth)
diff Tobias Andersson (WMDE) (CentralAuth)
diff Tommi1986 (CentralAuth)
diff TonyBallioni (CentralAuth)
diff Triboulet sur une montagne (CentralAuth)
diff Trijnstel (CentralAuth)
diff Tryvix1509 (CentralAuth)
diff Tufor (CentralAuth)
diff Tulsi (CentralAuth)   (formerly Tulsi Bhagat)
diff Turkmen (CentralAuth)
diff Tymon.r (CentralAuth)
U
diff UY Scuti (CentralAuth)
diff Udehb (CentralAuth)
diff UltimoGrimm (CentralAuth)
diff Ultracobalt (CentralAuth)
diff Uncitoyen (CentralAuth)
diff UninvitedCompany (CentralAuth)
diff Utcursch (CentralAuth)
diff Uzoma Ozurumba (CentralAuth)
V
diff VASHGIRD (CentralAuth)
diff Vale93b (CentralAuth)
diff Vanamonde93 (CentralAuth)
diff Venzz (CentralAuth)
diff Verena Lindner (WMDE) (CentralAuth)
diff Vermont (CentralAuth)
diff Versageek (CentralAuth)
diff VictorAnyakin (CentralAuth)
diff Vikipolimer (CentralAuth)
diff Vincent Vega (CentralAuth)
diff Vit Koz (CentralAuth)
diff Vito Genovese (CentralAuth)
diff Vituzzu (CentralAuth)
diff Viztor (CentralAuth)
diff Vladimir Solovjev (CentralAuth)
diff Vogone (CentralAuth)
diff Vulphere (CentralAuth)
W
diff W.CC (CentralAuth)
diff WQL (CentralAuth)
diff Wagino 20100516 (CentralAuth)
diff Waihorace (CentralAuth)
diff WallabyWombat (CentralAuth)
diff Whaledad (CentralAuth)
diff WhitePhosphorus (CentralAuth)
diff Wiki13 (CentralAuth)
diff WikiBayer (CentralAuth)
diff Wikilover90 (CentralAuth)
diff Willking1979 (CentralAuth)
diff Wim b (CentralAuth)
diff Winged Blades of Godric (CentralAuth)
diff Wizardist (CentralAuth)
diff Wojciech Pędzich (CentralAuth)
diff Wong128hk (CentralAuth)
diff Worm That Turned (CentralAuth)
diff Wugapodes (CentralAuth)
diff Wulfson (CentralAuth)
diff Wylie39 (CentralAuth)
XYZ
diff Xania (CentralAuth)
diff Xaosflux (CentralAuth)
diff Xelgen (CentralAuth)
diff Xeno (CentralAuth)
diff XenonX3 (CentralAuth)
diff Y-dash (CentralAuth)
diff YOWOT868 (CentralAuth)
diff Yahya (CentralAuth)
diff Yakudza (CentralAuth)
diff Yamaha5 (CentralAuth)
diff Yamla (CentralAuth)
diff Yoshi24517 (CentralAuth)
diff Yukh68 (CentralAuth)
diff Yunshui (CentralAuth)
diff ZI Jony (CentralAuth)
diff Zabe (CentralAuth)   (formerly ZabeMath) 
diff Zache (CentralAuth)
diff Zetud (CentralAuth)
diff Zppix (CentralAuth)
diff Zudo (CentralAuth)
diff Zzuuzz (CentralAuth)
Non-Latin
diff Épine (CentralAuth)
diff Érico (CentralAuth)
diff Ата (CentralAuth)
diff Боки (CentralAuth)
diff Ле Лой (CentralAuth)
diff Обрадовић Горан (CentralAuth)
diff Петър Петров (CentralAuth)
diff Стефанко1982 (CentralAuth)
diff בריאן (CentralAuth)
diff דגש (CentralAuth)
diff יונה בנדלאק (CentralAuth)
diff עוזי ו. (CentralAuth)
diff עלי (CentralAuth)
diff باسم (CentralAuth)
diff علاء (CentralAuth)
diff فاطمة الزهراء (CentralAuth)
diff فيصل (CentralAuth)
diff さかおり (CentralAuth)
diff だ＊ぜ (CentralAuth)
diff 悔晚斋 (CentralAuth)
diff 이강철 (CentralAuth)
Retrieved from "https://meta.wikimedia.org/w/index.php?title=Access_to_nonpublic_personal_data_policy/Noticeboard&oldid=25512046"
Categories: StewardsAccess to nonpublic information policy
Navigation menu
Personal tools
EnglishNot logged inTalkContributionsCreate accountLog in
Namespaces
Content pageDiscussion
English
Views
ReadView sourceView history
More
Search
Navigation
Main pageWikimedia NewsTranslationsRecent changesRandom pageHelpBabel
Community
Wikimedia Resource CenterWikimedia ForumMailing listsRequestsBabylonReportsResearchPlanet Wikimedia
Beyond the Web
Meet WikimediansEventsMovement affiliatesDonate
Tools
What links hereRelated changesSpecial pagesPermanent linkPage informationCite this page
Print/export
Create a bookDownload as PDFPrintable version
In other languages
Add links
 This page was last edited on 24 August 2023, at 18:52.
Text is available under the Creative Commons Attribution-ShareAlike License;
additional terms may apply.
See Terms of Use for details.
Privacy policy
About Meta
Disclaimers
Code of Conduct
Mobile view
Developers
Statistics
Cookie statement